<?xml version="1.0" encoding="UTF-8"?>
<!DOCTYPE mapper PUBLIC 
"-//mybatis.org//DTD Mapper 3.0//EN" 
"http://mybatis.org/dtd/mybatis-3-mapper.dtd" >
<mapper namespace="memberMapper">
 <resultMap type="Member" id="memberResultSet">
     <id property="memberId" column="MEMBER_ID"/>
    <result property="memberPwd" column="MEMBER_PWD"/>
    <result property="memberName" column="MEMBER_NM"/>
    <result property="memberEnrollDate" column="MEMBER_ENROLL_DT"/>
 </resultMap>
 
 <select id="loginMember" parameterType="Member" resultMap="memberResultSet">
  SELECT * FROM MEMBER WHERE MEMBER_ID= #{memberId} AND MEMBER_PWD= #{memberPwd}
 </select>   
</mapper>