<?xml version="1.0" encoding="UTF-8"?>
<beans xmlns="http://www.springframework.org/schema/beans"
	xmlns:xsi="http://www.w3.org/2001/XMLSchema-instance"
	xsi:schemaLocation="http://www.springframework.org/schema/beans https://www.springframework.org/schema/beans/spring-beans.xsd">
	
	<!-- Root Context: defines shared resources visible to all other web components -->
		<bean id="dataSource" class="org.apache.commons.dbcp.BasicDataSource" destroy-method="close">

		<property name="driverClassName" value="oracle.jdbc.driver.OracleDriver"/>
		
				<property name="url" value="jdbc:oracle:thin:@localhost:1521:orcl"/>
				
				<property name="username" value="ncsUser"/>
				
				<property name="password" value="ncsUser"/>
				
				<property name="defaultAutoCommit" value="false"/>
			
		</bean>
				
		<bean id="sqlSessionFactoryBean" class="org.mybatis.spring.SqlSessionFactoryBean">
				
				<property name="configLocation" value="classpath:mybatis-config.xml"/>
				
				<property name="dataSource" ref="dataSource"/>
				
		</bean>
				
		<bean id="sqlSessionTemplate" class="org.mybatis.spring.SqlSessionTemplate">
			
			<constructor-arg ref="sqlSessionFactoryBean"/>
		
		</bean>
</beans>
